drug,condition,text,rating,date,helpful_votes,clean_text,word_count
Ozempic (Synthetic),Obesity,I finally have much better blood sugar control. My appetite is so much reduced.,10,09-Sep-23,95,finally much better blood sugar control appetite much reduced,9
Ozempic (Synthetic),Weight Management,I finally have much better blood sugar control. I've experienced significant weight loss.,8,24-Nov-23,126,finally much better blood sugar control experienced significant weight loss,10
Ozempic (Synthetic),Obesity,"It works really well, but it's incredibly expensive. The medication is effective, but side effects are barely manageable.",4,23-Jun-24,19,works really well incredibly expensive medication effective side effects barely manageable,11
Ozempic (Synthetic),Weight Management,"Honestly, Horrible diarrhea nearly every day. I have major pancreatitis concerns now. Dealing with symptoms of gastroparesis.",2,02-Aug-23,63,honestly horrible diarrhea nearly every day major pancreatitis concerns dealing symptoms gastroparesis,12
Ozempic (Synthetic),Obesity,"I'm noticing significant hair loss. The medication is effective, but side effects are barely manageable.",6,16-Dec-24,96,noticing significant hair loss medication effective side effects barely manageable,10
Ozempic (Synthetic),Weight Management,I have major pancreatitis concerns now. I'm noticing significant hair loss.,3,17-Oct-22,32,major pancreatitis concerns noticing significant hair loss,7
Ozempic (Synthetic),Weight Management,"I actually have more energy now. The medication is effective, but side effects are barely manageable.",4,22-Oct-24,134,actually energy medication effective side effects barely manageable,8
Ozempic (Synthetic),Obesity,This drug changed my life completely. The best medication I have ever taken. I actually have more energy now. I finally have much better blood sugar control.,8,05-Nov-22,33,drug changed life completely best medication ever taken actually energy finally much better blood sugar control,16
Ozempic (Synthetic),Weight Management,"The medication is effective, but side effects are barely manageable. The best medication I have ever taken.",7,16-Jul-24,40,medication effective side effects barely manageable best medication ever taken,10
Ozempic (Synthetic),Type 2 Diabetes,"I've experienced significant weight loss. My appetite is so much reduced. This drug changed my life completely. Blood sugar is down, though the nausea restricts my life.",8,03-Mar-23,144,experienced significant weight loss appetite much reduced drug changed life completely blood sugar though nausea restricts life,17
Ozempic (Synthetic),Weight Management,"Horrible diarrhea nearly every day. Blood sugar is down, though the nausea restricts my life. The nausea is overwhelming.",3,07-Nov-24,117,horrible diarrhea nearly every day blood sugar though nausea restricts life nausea overwhelming,13
Ozempic (Synthetic),Weight Management,"The nausea is overwhelming. Blood sugar is down, though the nausea restricts my life. It gets the job done, but I feel horrible on injection day. It works really well, but it's incredibly expensive.",7,13-Jul-22,7,nausea overwhelming blood sugar though nausea restricts life gets job done feel horrible injection day works really well incredibly expensive,20
Ozempic (Synthetic),Type 2 Diabetes,"To be clear, My appetite is so much reduced. I finally have much better blood sugar control.",4,07-Jan-23,44,clear appetite much reduced finally much better blood sugar control,10
Ozempic (Synthetic),Type 2 Diabetes,"Honestly, I've experienced significant weight loss. The best medication I have ever taken. My A1C points dropped tremendously.",9,10-Jul-22,83,honestly experienced significant weight loss best medication ever taken a1c points dropped tremendously,13
Ozempic (Synthetic),Obesity,Severe constipation that won't go away.,2,21-Aug-22,91,severe constipation go away,4
Ozempic (Synthetic),Weight Management,Dealing with symptoms of gastroparesis.,1,26-Nov-22,79,dealing symptoms gastroparesis,3
Ozempic (Synthetic),Weight Management,The best medication I have ever taken.,8,09-Feb-22,18,best medication ever taken,4
Ozempic (Synthetic),Type 2 Diabetes,I finally have much better blood sugar control.,9,01-May-24,143,finally much better blood sugar control,6
Ozempic (Synthetic),Weight Management,"In my experience, I have major pancreatitis concerns now. The medication is effective, but side effects are barely manageable. It gets the job done, but I feel horrible on injection day. Horrible diarrhea nearly every day.",5,25-Feb-23,143,experience major pancreatitis concerns medication effective side effects barely manageable gets job done feel horrible injection day horrible diarrhea nearly every day,22
Ozempic (Synthetic),Type 2 Diabetes,I have major pancreatitis concerns now.,3,15-Feb-24,34,major pancreatitis concerns,3
Ozempic (Synthetic),Weight Management,I finally have much better blood sugar control. I've experienced significant weight loss. My appetite is so much reduced.,9,29-Sep-23,53,finally much better blood sugar control experienced significant weight loss appetite much reduced,13
Ozempic (Synthetic),Weight Management,"Honestly, I actually have more energy now. I finally have much better blood sugar control. The best medication I have ever taken.",9,29-Jun-24,80,honestly actually energy finally much better blood sugar control best medication ever taken,13
Ozempic (Synthetic),Weight Management,I have major pancreatitis concerns now. There is terrible injection site pain. I'm noticing significant hair loss. The nausea is overwhelming.,3,07-May-23,95,major pancreatitis concerns terrible injection site pain noticing significant hair loss nausea overwhelming,13
Ozempic (Synthetic),Obesity,"It gets the job done, but I feel horrible on injection day. This drug changed my life completely.",10,22-Nov-22,110,gets job done feel horrible injection day drug changed life completely,11
Ozempic (Synthetic),Weight Management,"It gets the job done, but I feel horrible on injection day. Blood sugar is down, though the nausea restricts my life.",6,22-Mar-22,90,gets job done feel horrible injection day blood sugar though nausea restricts life,13
Ozempic (Synthetic),Type 2 Diabetes,"To be clear, There is terrible injection site pain. Dealing with symptoms of gastroparesis. The nausea is overwhelming.",1,15-Feb-22,71,clear terrible injection site pain dealing symptoms gastroparesis nausea overwhelming,10
Ozempic (Synthetic),Type 2 Diabetes,I actually have more energy now. This drug changed my life completely. My A1C points dropped tremendously.,10,07-Feb-23,132,actually energy drug changed life completely a1c points dropped tremendously,10
Ozempic (Synthetic),Type 2 Diabetes,"It gets the job done, but I feel horrible on injection day. I've experienced significant weight loss. The best medication I have ever taken.",8,14-Sep-24,40,gets job done feel horrible injection day experienced significant weight loss best medication ever taken,15
Ozempic (Synthetic),Weight Management,"Honestly, The nausea is overwhelming. Horrible diarrhea nearly every day. I have major pancreatitis concerns now.",2,14-Jan-24,23,honestly nausea overwhelming horrible diarrhea nearly every day major pancreatitis concerns,11
Ozempic (Synthetic),Obesity,"In my experience, I have constant fatigue. I have major pancreatitis concerns now. I've been dealing with frequent vomiting.",3,31-Jul-22,131,experience constant fatigue major pancreatitis concerns dealing frequent vomiting,9
Ozempic (Synthetic),Weight Management,Horrible diarrhea nearly every day.,3,03-Aug-22,27,horrible diarrhea nearly every day,5
Ozempic (Synthetic),Obesity,"To be clear, This drug changed my life completely. I finally have much better blood sugar control. I actually have more energy now.",9,23-Nov-23,125,clear drug changed life completely finally much better blood sugar control actually energy,13
Ozempic (Synthetic),Weight Management,"My A1C points dropped tremendously. Blood sugar is down, though the nausea restricts my life. The best medication I have ever taken. I actually have more energy now.",8,13-Aug-24,55,a1c points dropped tremendously blood sugar though nausea restricts life best medication ever taken actually energy,16
Ozempic (Synthetic),Type 2 Diabetes,"To be clear, It works really well, but it's incredibly expensive. Horrible diarrhea nearly every day. I have major pancreatitis concerns now.",1,17-Nov-24,120,clear works really well incredibly expensive horrible diarrhea nearly every day major pancreatitis concerns,14
Ozempic (Synthetic),Obesity,"Honestly, I've experienced significant weight loss. This drug changed my life completely.",8,04-Jul-23,143,honestly experienced significant weight loss drug changed life completely,9
Ozempic (Synthetic),Obesity,"In my experience, I finally have much better blood sugar control. This drug changed my life completely. I actually have more energy now.",8,24-Sep-23,133,experience finally much better blood sugar control drug changed life completely actually energy,13
Ozempic (Synthetic),Obesity,"I've been dealing with frequent vomiting. I've experienced significant weight loss. Blood sugar is down, though the nausea restricts my life.",4,26-Aug-22,27,dealing frequent vomiting experienced significant weight loss blood sugar though nausea restricts life,13
Ozempic (Synthetic),Type 2 Diabetes,"Blood sugar is down, though the nausea restricts my life.",9,29-Jun-24,78,blood sugar though nausea restricts life,6
Ozempic (Synthetic),Obesity,I'm noticing significant hair loss. The nausea is overwhelming.,2,21-Aug-22,139,noticing significant hair loss nausea overwhelming,6
Ozempic (Synthetic),Type 2 Diabetes,"My A1C points dropped tremendously. It gets the job done, but I feel horrible on injection day. I actually have more energy now.",10,23-Sep-23,55,a1c points dropped tremendously gets job done feel horrible injection day actually energy,13
Ozempic (Synthetic),Obesity,"Honestly, My A1C points dropped tremendously. It works really well, but it's incredibly expensive. The best medication I have ever taken.",8,12-Apr-24,28,honestly a1c points dropped tremendously works really well incredibly expensive best medication ever taken,14
Ozempic (Synthetic),Obesity,"Honestly, This drug changed my life completely. Blood sugar is down, though the nausea restricts my life. The best medication I have ever taken. It works really well, but it's incredibly expensive.",9,24-Mar-23,91,honestly drug changed life completely blood sugar though nausea restricts life best medication ever taken works really well incredibly expensive,20
Ozempic (Synthetic),Weight Management,I've been dealing with frequent vomiting.,2,12-Jan-22,38,dealing frequent vomiting,3
Ozempic (Synthetic),Weight Management,"Honestly, Severe constipation that won't go away. I lose weight, but I'm always tired.",1,02-Sep-24,142,honestly severe constipation go away lose weight always tired,9
Ozempic (Synthetic),Obesity,"My A1C points dropped tremendously. My appetite is so much reduced. It gets the job done, but I feel horrible on injection day.",10,07-Mar-22,137,a1c points dropped tremendously appetite much reduced gets job done feel horrible injection day,14
Ozempic (Synthetic),Type 2 Diabetes,I've experienced significant weight loss.,9,15-Apr-23,137,experienced significant weight loss,4
Ozempic (Synthetic),Obesity,"To be clear, I have major pancreatitis concerns now. Horrible diarrhea nearly every day.",1,21-Oct-22,56,clear major pancreatitis concerns horrible diarrhea nearly every day,9
Ozempic (Synthetic),Obesity,"To be clear, I'm noticing significant hair loss. I've been dealing with frequent vomiting. I have constant fatigue.",2,03-Mar-22,137,clear noticing significant hair loss dealing frequent vomiting constant fatigue,10
Ozempic (Synthetic),Type 2 Diabetes,I finally have much better blood sugar control. I've experienced significant weight loss. My A1C points dropped tremendously.,9,04-Oct-23,43,finally much better blood sugar control experienced significant weight loss a1c points dropped tremendously,14
Ozempic (Synthetic),Obesity,"Honestly, Severe constipation that won't go away. There is terrible injection site pain.",3,19-Apr-23,13,honestly severe constipation go away terrible injection site pain,9
Ozempic (Synthetic),Weight Management,"I've experienced significant weight loss. The medication is effective, but side effects are barely manageable. I actually have more energy now.",8,28-Aug-24,25,experienced significant weight loss medication effective side effects barely manageable actually energy,12
Ozempic (Synthetic),Obesity,I have constant fatigue.,1,09-Sep-22,149,constant fatigue,2
Ozempic (Synthetic),Weight Management,"To be clear, It gets the job done, but I feel horrible on injection day. I have constant fatigue. I have major pancreatitis concerns now.",1,09-Dec-23,103,clear gets job done feel horrible injection day constant fatigue major pancreatitis concerns,13
Ozempic (Synthetic),Weight Management,"To be clear, I have major pancreatitis concerns now. Horrible diarrhea nearly every day. I have constant fatigue.",1,20-Aug-24,72,clear major pancreatitis concerns horrible diarrhea nearly every day constant fatigue,11
Ozempic (Synthetic),Type 2 Diabetes,"In my experience, I've been dealing with frequent vomiting. It works really well, but it's incredibly expensive.",7,07-May-24,59,experience dealing frequent vomiting works really well incredibly expensive,9
Ozempic (Synthetic),Obesity,"To be clear, The best medication I have ever taken. I actually have more energy now. My A1C points dropped tremendously.",8,11-Nov-24,116,clear best medication ever taken actually energy a1c points dropped tremendously,11
Ozempic (Synthetic),Type 2 Diabetes,I'm noticing significant hair loss. I have constant fatigue.,2,07-Nov-22,136,noticing significant hair loss constant fatigue,6
Ozempic (Synthetic),Obesity,"It gets the job done, but I feel horrible on injection day.",10,30-Nov-22,37,gets job done feel horrible injection day,7
Ozempic (Synthetic),Type 2 Diabetes,Severe constipation that won't go away. I have major pancreatitis concerns now.,2,17-Feb-24,55,severe constipation go away major pancreatitis concerns,7
Ozempic (Synthetic),Weight Management,"In my experience, The nausea is overwhelming. Dealing with symptoms of gastroparesis.",2,22-May-22,45,experience nausea overwhelming dealing symptoms gastroparesis,6
Ozempic (Synthetic),Obesity,I have constant fatigue. The nausea is overwhelming.,3,19-Nov-22,42,constant fatigue nausea overwhelming,4
Ozempic (Synthetic),Weight Management,There is terrible injection site pain.,3,24-Sep-23,21,terrible injection site pain,4
Ozempic (Synthetic),Type 2 Diabetes,"Blood sugar is down, though the nausea restricts my life. I'm noticing significant hair loss.",6,07-Dec-23,106,blood sugar though nausea restricts life noticing significant hair loss,10
Ozempic (Synthetic),Weight Management,The nausea is overwhelming.,1,25-Apr-22,149,nausea overwhelming,2
Ozempic (Synthetic),Type 2 Diabetes,My A1C points dropped tremendously.,9,09-May-22,99,a1c points dropped tremendously,4
Ozempic (Synthetic),Obesity,"In my experience, I've experienced significant weight loss. My appetite is so much reduced. I finally have much better blood sugar control.",8,20-Feb-23,141,experience experienced significant weight loss appetite much reduced finally much better blood sugar control,14
Ozempic (Synthetic),Obesity,I have constant fatigue. I've been dealing with frequent vomiting.,2,11-Jan-24,84,constant fatigue dealing frequent vomiting,5
Ozempic (Synthetic),Weight Management,"In my experience, The medication is effective, but side effects are barely manageable. This drug changed my life completely.",9,05-Jan-23,131,experience medication effective side effects barely manageable drug changed life completely,11
Ozempic (Synthetic),Weight Management,"To be clear, This drug changed my life completely. I actually have more energy now.",10,11-Aug-24,92,clear drug changed life completely actually energy,7
Ozempic (Synthetic),Weight Management,Horrible diarrhea nearly every day. There is terrible injection site pain.,1,25-Oct-22,19,horrible diarrhea nearly every day terrible injection site pain,9
Ozempic (Synthetic),Weight Management,"I have constant fatigue. Blood sugar is down, though the nausea restricts my life.",5,25-May-24,7,constant fatigue blood sugar though nausea restricts life,8
Ozempic (Synthetic),Type 2 Diabetes,"To be clear, I have major pancreatitis concerns now. I'm noticing significant hair loss.",1,17-Apr-24,68,clear major pancreatitis concerns noticing significant hair loss,8
Ozempic (Synthetic),Type 2 Diabetes,"Honestly, The nausea is overwhelming. There is terrible injection site pain. I have major pancreatitis concerns now. Dealing with symptoms of gastroparesis.",2,27-May-23,32,honestly nausea overwhelming terrible injection site pain major pancreatitis concerns dealing symptoms gastroparesis,13
Ozempic (Synthetic),Obesity,"Honestly, I'm noticing significant hair loss. I've been dealing with frequent vomiting.",2,28-Jan-24,44,honestly noticing significant hair loss dealing frequent vomiting,8
Ozempic (Synthetic),Type 2 Diabetes,"To be clear, Dealing with symptoms of gastroparesis. I have constant fatigue.",1,29-Aug-22,31,clear dealing symptoms gastroparesis constant fatigue,6
Ozempic (Synthetic),Type 2 Diabetes,My appetite is so much reduced. I've experienced significant weight loss. My A1C points dropped tremendously.,10,28-Dec-23,35,appetite much reduced experienced significant weight loss a1c points dropped tremendously,11
Ozempic (Synthetic),Weight Management,I actually have more energy now.,9,29-Jun-22,135,actually energy,2
Ozempic (Synthetic),Weight Management,Severe constipation that won't go away. The nausea is overwhelming. I've been dealing with frequent vomiting. Dealing with symptoms of gastroparesis.,2,26-Jan-23,101,severe constipation go away nausea overwhelming dealing frequent vomiting dealing symptoms gastroparesis,12
Ozempic (Synthetic),Obesity,"To be clear, I lose weight, but I'm always tired. The best medication I have ever taken. I've experienced significant weight loss. My appetite is so much reduced.",8,18-Apr-22,74,clear lose weight always tired best medication ever taken experienced significant weight loss appetite much reduced,16
Ozempic (Synthetic),Obesity,I'm noticing significant hair loss.,2,29-Jul-23,25,noticing significant hair loss,4
Ozempic (Synthetic),Obesity,"To be clear, I'm noticing significant hair loss. Dealing with symptoms of gastroparesis. The nausea is overwhelming.",2,15-Feb-24,5,clear noticing significant hair loss dealing symptoms gastroparesis nausea overwhelming,10
Ozempic (Synthetic),Obesity,This drug changed my life completely. My A1C points dropped tremendously.,8,08-Apr-22,69,drug changed life completely a1c points dropped tremendously,8
Ozempic (Synthetic),Obesity,"Honestly, It gets the job done, but I feel horrible on injection day. I have constant fatigue.",3,01-Jun-22,83,honestly gets job done feel horrible injection day constant fatigue,10
Ozempic (Synthetic),Weight Management,My A1C points dropped tremendously. My appetite is so much reduced.,8,30-Apr-22,29,a1c points dropped tremendously appetite much reduced,7
Ozempic (Synthetic),Weight Management,"To be clear, The medication is effective, but side effects are barely manageable. Severe constipation that won't go away.",5,16-Oct-23,106,clear medication effective side effects barely manageable severe constipation go away,11
Ozempic (Synthetic),Obesity,"Honestly, I actually have more energy now. Blood sugar is down, though the nausea restricts my life. My appetite is so much reduced.",10,27-Jul-22,40,honestly actually energy blood sugar though nausea restricts life appetite much reduced,12
Ozempic (Synthetic),Type 2 Diabetes,"I lose weight, but I'm always tired. Severe constipation that won't go away.",2,15-Sep-24,63,lose weight always tired severe constipation go away,8
Ozempic (Synthetic),Type 2 Diabetes,"Blood sugar is down, though the nausea restricts my life. There is terrible injection site pain. I'm noticing significant hair loss.",1,12-Jan-23,113,blood sugar though nausea restricts life terrible injection site pain noticing significant hair loss,14
Ozempic (Synthetic),Obesity,"In my experience, Dealing with symptoms of gastroparesis. Blood sugar is down, though the nausea restricts my life.",2,02-Mar-24,24,experience dealing symptoms gastroparesis blood sugar though nausea restricts life,10
Ozempic (Synthetic),Obesity,"In my experience, I'm noticing significant hair loss. I have constant fatigue. Horrible diarrhea nearly every day. Dealing with symptoms of gastroparesis.",3,17-Jun-24,29,experience noticing significant hair loss constant fatigue horrible diarrhea nearly every day dealing symptoms gastroparesis,15
Ozempic (Synthetic),Obesity,"Honestly, I have major pancreatitis concerns now. The medication is effective, but side effects are barely manageable. Severe constipation that won't go away.",3,10-Mar-24,95,honestly major pancreatitis concerns medication effective side effects barely manageable severe constipation go away,14
Ozempic (Synthetic),Type 2 Diabetes,I actually have more energy now. My appetite is so much reduced. I finally have much better blood sugar control.,10,14-Nov-22,146,actually energy appetite much reduced finally much better blood sugar control,11
Ozempic (Synthetic),Type 2 Diabetes,I have major pancreatitis concerns now. I've been dealing with frequent vomiting.,2,13-Feb-23,31,major pancreatitis concerns dealing frequent vomiting,6
Ozempic (Synthetic),Weight Management,The nausea is overwhelming. Horrible diarrhea nearly every day.,1,21-Apr-22,22,nausea overwhelming horrible diarrhea nearly every day,7
Ozempic (Synthetic),Weight Management,"In my experience, The nausea is overwhelming. There is terrible injection site pain. I have major pancreatitis concerns now. Blood sugar is down, though the nausea restricts my life.",2,26-May-22,111,experience nausea overwhelming terrible injection site pain major pancreatitis concerns blood sugar though nausea restricts life,16
Ozempic (Synthetic),Obesity,"Severe constipation that won't go away. It works really well, but it's incredibly expensive.",4,13-Mar-23,125,severe constipation go away works really well incredibly expensive,9
Ozempic (Synthetic),Type 2 Diabetes,There is terrible injection site pain. The best medication I have ever taken.,7,09-Dec-24,16,terrible injection site pain best medication ever taken,8
Ozempic (Synthetic),Obesity,"It works really well, but it's incredibly expensive. There is terrible injection site pain.",3,01-Oct-22,117,works really well incredibly expensive terrible injection site pain,9
Ozempic (Synthetic),Weight Management,"It works really well, but it's incredibly expensive.",6,10-Jul-22,142,works really well incredibly expensive,5
Ozempic (Synthetic),Type 2 Diabetes,"To be clear, Severe constipation that won't go away. I have major pancreatitis concerns now.",1,31-Mar-22,6,clear severe constipation go away major pancreatitis concerns,8
Ozempic (Synthetic),Weight Management,This drug changed my life completely. My appetite is so much reduced. My A1C points dropped tremendously.,9,21-Apr-22,131,drug changed life completely appetite much reduced a1c points dropped tremendously,11
Ozempic (Synthetic),Weight Management,"My appetite is so much reduced. Blood sugar is down, though the nausea restricts my life. I finally have much better blood sugar control.",9,07-Aug-24,34,appetite much reduced blood sugar though nausea restricts life finally much better blood sugar control,15
Ozempic (Synthetic),Type 2 Diabetes,"To be clear, Blood sugar is down, though the nausea restricts my life. I'm noticing significant hair loss. The nausea is overwhelming. I have constant fatigue.",1,20-Oct-22,114,clear blood sugar though nausea restricts life noticing significant hair loss nausea overwhelming constant fatigue,15
Ozempic (Synthetic),Weight Management,"In my experience, Horrible diarrhea nearly every day. I'm noticing significant hair loss. The nausea is overwhelming. I've been dealing with frequent vomiting.",2,06-Sep-23,89,experience horrible diarrhea nearly every day noticing significant hair loss nausea overwhelming dealing frequent vomiting,15
Ozempic (Synthetic),Weight Management,"Blood sugar is down, though the nausea restricts my life. This drug changed my life completely.",5,21-Apr-23,81,blood sugar though nausea restricts life drug changed life completely,10
Ozempic (Synthetic),Weight Management,"Honestly, I've been dealing with frequent vomiting. I have constant fatigue. I have major pancreatitis concerns now.",1,06-Feb-23,44,honestly dealing frequent vomiting constant fatigue major pancreatitis concerns,9
Ozempic (Synthetic),Type 2 Diabetes,I've experienced significant weight loss. My appetite is so much reduced.,8,20-May-22,100,experienced significant weight loss appetite much reduced,7
Ozempic (Synthetic),Obesity,"In my experience, I finally have much better blood sugar control. The best medication I have ever taken. I actually have more energy now.",8,23-Aug-24,146,experience finally much better blood sugar control best medication ever taken actually energy,13
Ozempic (Synthetic),Weight Management,"To be clear, My A1C points dropped tremendously. This drug changed my life completely.",10,16-Jan-24,75,clear a1c points dropped tremendously drug changed life completely,9
Ozempic (Synthetic),Obesity,I have major pancreatitis concerns now. There is terrible injection site pain.,3,25-Jan-24,103,major pancreatitis concerns terrible injection site pain,7
Ozempic (Synthetic),Obesity,"In my experience, Severe constipation that won't go away. The nausea is overwhelming.",3,23-Nov-24,52,experience severe constipation go away nausea overwhelming,7
Ozempic (Synthetic),Weight Management,"To be clear, Dealing with symptoms of gastroparesis. I'm noticing significant hair loss.",3,02-Feb-24,140,clear dealing symptoms gastroparesis noticing significant hair loss,8
Ozempic (Synthetic),Obesity,"Blood sugar is down, though the nausea restricts my life. I have major pancreatitis concerns now.",3,01-Oct-22,14,blood sugar though nausea restricts life major pancreatitis concerns,9
Ozempic (Synthetic),Type 2 Diabetes,"Honestly, Dealing with symptoms of gastroparesis. The nausea is overwhelming. There is terrible injection site pain.",2,02-Apr-23,3,honestly dealing symptoms gastroparesis nausea overwhelming terrible injection site pain,10
Ozempic (Synthetic),Weight Management,My A1C points dropped tremendously. I finally have much better blood sugar control.,9,28-Jul-23,108,a1c points dropped tremendously finally much better blood sugar control,10
Ozempic (Synthetic),Weight Management,I've experienced significant weight loss. I finally have much better blood sugar control. The best medication I have ever taken.,9,25-Jun-22,61,experienced significant weight loss finally much better blood sugar control best medication ever taken,14
Ozempic (Synthetic),Weight Management,"In my experience, The nausea is overwhelming. Horrible diarrhea nearly every day.",3,22-Oct-22,29,experience nausea overwhelming horrible diarrhea nearly every day,8
Ozempic (Synthetic),Type 2 Diabetes,"In my experience, I've been dealing with frequent vomiting. Horrible diarrhea nearly every day. I'm noticing significant hair loss.",3,04-Jun-23,65,experience dealing frequent vomiting horrible diarrhea nearly every day noticing significant hair loss,13
Ozempic (Synthetic),Weight Management,"Honestly, I've experienced significant weight loss. My A1C points dropped tremendously. I finally have much better blood sugar control.",9,27-Dec-24,85,honestly experienced significant weight loss a1c points dropped tremendously finally much better blood sugar control,15
Ozempic (Synthetic),Type 2 Diabetes,"To be clear, The medication is effective, but side effects are barely manageable. Severe constipation that won't go away. The nausea is overwhelming.",1,28-Apr-22,126,clear medication effective side effects barely manageable severe constipation go away nausea overwhelming,13
Ozempic (Synthetic),Type 2 Diabetes,"To be clear, It gets the job done, but I feel horrible on injection day. My appetite is so much reduced. I lose weight, but I'm always tired. I have constant fatigue.",4,16-Sep-23,24,clear gets job done feel horrible injection day appetite much reduced lose weight always tired constant fatigue,17
Ozempic (Synthetic),Type 2 Diabetes,"In my experience, I actually have more energy now. My appetite is so much reduced. It gets the job done, but I feel horrible on injection day.",8,12-Dec-22,115,experience actually energy appetite much reduced gets job done feel horrible injection day,13
Ozempic (Synthetic),Type 2 Diabetes,"To be clear, I actually have more energy now. My appetite is so much reduced. I lose weight, but I'm always tired.",8,06-Dec-23,73,clear actually energy appetite much reduced lose weight always tired,10
Ozempic (Synthetic),Weight Management,"In my experience, Horrible diarrhea nearly every day. Dealing with symptoms of gastroparesis. There is terrible injection site pain.",2,23-Aug-24,147,experience horrible diarrhea nearly every day dealing symptoms gastroparesis terrible injection site pain,13
Ozempic (Synthetic),Weight Management,Severe constipation that won't go away. The nausea is overwhelming. I have major pancreatitis concerns now.,3,01-Jan-24,116,severe constipation go away nausea overwhelming major pancreatitis concerns,9
Ozempic (Synthetic),Obesity,"Honestly, Horrible diarrhea nearly every day. The medication is effective, but side effects are barely manageable. I'm noticing significant hair loss. I have major pancreatitis concerns now.",2,03-May-22,111,honestly horrible diarrhea nearly every day medication effective side effects barely manageable noticing significant hair loss major pancreatitis concerns,19
Ozempic (Synthetic),Weight Management,"To be clear, This drug changed my life completely. My A1C points dropped tremendously. I've experienced significant weight loss. The best medication I have ever taken.",10,13-Dec-23,62,clear drug changed life completely a1c points dropped tremendously experienced significant weight loss best medication ever taken,17
Ozempic (Synthetic),Type 2 Diabetes,"Honestly, I have major pancreatitis concerns now. I'm noticing significant hair loss. The medication is effective, but side effects are barely manageable.",4,19-Nov-22,112,honestly major pancreatitis concerns noticing significant hair loss medication effective side effects barely manageable,14
Ozempic (Synthetic),Weight Management,"To be clear, Dealing with symptoms of gastroparesis. I have constant fatigue. Horrible diarrhea nearly every day.",2,13-Mar-24,66,clear dealing symptoms gastroparesis constant fatigue horrible diarrhea nearly every day,11
Ozempic (Synthetic),Obesity,"Honestly, I finally have much better blood sugar control. The best medication I have ever taken.",10,12-Mar-22,137,honestly finally much better blood sugar control best medication ever taken,11
Ozempic (Synthetic),Obesity,I actually have more energy now. I've experienced significant weight loss. The best medication I have ever taken.,8,04-Dec-23,148,actually energy experienced significant weight loss best medication ever taken,10
Ozempic (Synthetic),Type 2 Diabetes,I've experienced significant weight loss. I actually have more energy now. My A1C points dropped tremendously.,10,21-Nov-23,82,experienced significant weight loss actually energy a1c points dropped tremendously,10
Ozempic (Synthetic),Type 2 Diabetes,I have constant fatigue. Severe constipation that won't go away.,1,20-Oct-23,130,constant fatigue severe constipation go away,6
Ozempic (Synthetic),Type 2 Diabetes,This drug changed my life completely. I actually have more energy now. My appetite is so much reduced.,8,15-Jul-22,21,drug changed life completely actually energy appetite much reduced,9
Ozempic (Synthetic),Obesity,"This drug changed my life completely. The medication is effective, but side effects are barely manageable.",8,09-Apr-24,109,drug changed life completely medication effective side effects barely manageable,10
Ozempic (Synthetic),Type 2 Diabetes,"Blood sugar is down, though the nausea restricts my life. I finally have much better blood sugar control. My appetite is so much reduced.",8,19-Oct-23,5,blood sugar though nausea restricts life finally much better blood sugar control appetite much reduced,15
Ozempic (Synthetic),Obesity,"There is terrible injection site pain. The medication is effective, but side effects are barely manageable. The nausea is overwhelming.",1,27-Jul-23,144,terrible injection site pain medication effective side effects barely manageable nausea overwhelming,12
Ozempic (Synthetic),Weight Management,"To be clear, There is terrible injection site pain. I've been dealing with frequent vomiting.",2,19-Dec-23,103,clear terrible injection site pain dealing frequent vomiting,8
Ozempic (Synthetic),Type 2 Diabetes,I'm noticing significant hair loss. Dealing with symptoms of gastroparesis. I have major pancreatitis concerns now.,2,21-Jul-22,39,noticing significant hair loss dealing symptoms gastroparesis major pancreatitis concerns,10
Ozempic (Synthetic),Obesity,"To be clear, It gets the job done, but I feel horrible on injection day. Horrible diarrhea nearly every day.",3,16-Dec-22,77,clear gets job done feel horrible injection day horrible diarrhea nearly every day,13
Ozempic (Synthetic),Type 2 Diabetes,"Honestly, The best medication I have ever taken. My A1C points dropped tremendously.",8,02-May-24,18,honestly best medication ever taken a1c points dropped tremendously,9
Ozempic (Synthetic),Obesity,"To be clear, I'm noticing significant hair loss. The nausea is overwhelming. Dealing with symptoms of gastroparesis.",1,01-Oct-22,123,clear noticing significant hair loss nausea overwhelming dealing symptoms gastroparesis,10
Ozempic (Synthetic),Weight Management,I finally have much better blood sugar control. Severe constipation that won't go away.,6,01-Aug-24,80,finally much better blood sugar control severe constipation go away,10
Ozempic (Synthetic),Obesity,"In my experience, Blood sugar is down, though the nausea restricts my life. Dealing with symptoms of gastroparesis.",1,24-Dec-23,80,experience blood sugar though nausea restricts life dealing symptoms gastroparesis,10
Ozempic (Synthetic),Weight Management,"In my experience, I actually have more energy now. I finally have much better blood sugar control. My A1C points dropped tremendously. I lose weight, but I'm always tired.",8,19-Feb-23,113,experience actually energy finally much better blood sugar control a1c points dropped tremendously lose weight always tired,17
Ozempic (Synthetic),Obesity,"In my experience, The nausea is overwhelming. There is terrible injection site pain. I have constant fatigue.",3,15-Oct-22,80,experience nausea overwhelming terrible injection site pain constant fatigue,9
Ozempic (Synthetic),Type 2 Diabetes,"To be clear, There is terrible injection site pain. Horrible diarrhea nearly every day. I'm noticing significant hair loss. It gets the job done, but I feel horrible on injection day.",3,01-Jul-22,74,clear terrible injection site pain horrible diarrhea nearly every day noticing significant hair loss gets job done feel horrible injection day,21
Ozempic (Synthetic),Obesity,"I lose weight, but I'm always tired.",1,21-Jun-23,20,lose weight always tired,4
Ozempic (Synthetic),Type 2 Diabetes,"Honestly, The best medication I have ever taken. It works really well, but it's incredibly expensive.",9,20-Aug-24,7,honestly best medication ever taken works really well incredibly expensive,10
Ozempic (Synthetic),Weight Management,"In my experience, My A1C points dropped tremendously. I've experienced significant weight loss. I actually have more energy now.",10,05-Feb-22,110,experience a1c points dropped tremendously experienced significant weight loss actually energy,11
Ozempic (Synthetic),Type 2 Diabetes,"Honestly, The best medication I have ever taken. My appetite is so much reduced.",9,02-Oct-23,109,honestly best medication ever taken appetite much reduced,8
Ozempic (Synthetic),Weight Management,"In my experience, I finally have much better blood sugar control. My appetite is so much reduced. I lose weight, but I'm always tired. This drug changed my life completely.",8,24-Sep-22,117,experience finally much better blood sugar control appetite much reduced lose weight always tired drug changed life completely,18
Ozempic (Synthetic),Obesity,"Honestly, I have major pancreatitis concerns now. The nausea is overwhelming. It works really well, but it's incredibly expensive. I've been dealing with frequent vomiting.",2,08-Feb-22,7,honestly major pancreatitis concerns nausea overwhelming works really well incredibly expensive dealing frequent vomiting,14
Ozempic (Synthetic),Type 2 Diabetes,"My appetite is so much reduced. The best medication I have ever taken. It gets the job done, but I feel horrible on injection day.",10,22-Feb-22,51,appetite much reduced best medication ever taken gets job done feel horrible injection day,14
Ozempic (Synthetic),Obesity,"To be clear, I've experienced significant weight loss. The best medication I have ever taken. Blood sugar is down, though the nausea restricts my life.",9,31-Aug-23,58,clear experienced significant weight loss best medication ever taken blood sugar though nausea restricts life,15
Ozempic (Synthetic),Weight Management,"It gets the job done, but I feel horrible on injection day. I finally have much better blood sugar control.",6,21-Jun-24,115,gets job done feel horrible injection day finally much better blood sugar control,13
Ozempic (Synthetic),Obesity,"Honestly, I have major pancreatitis concerns now. There is terrible injection site pain. Severe constipation that won't go away. I've been dealing with frequent vomiting.",1,11-Nov-22,20,honestly major pancreatitis concerns terrible injection site pain severe constipation go away dealing frequent vomiting,15
Ozempic (Synthetic),Type 2 Diabetes,Dealing with symptoms of gastroparesis. I have major pancreatitis concerns now. There is terrible injection site pain. Severe constipation that won't go away.,1,21-Sep-24,63,dealing symptoms gastroparesis major pancreatitis concerns terrible injection site pain severe constipation go away,14
Ozempic (Synthetic),Weight Management,"In my experience, My A1C points dropped tremendously. I actually have more energy now.",10,05-Jun-23,92,experience a1c points dropped tremendously actually energy,7
Ozempic (Synthetic),Type 2 Diabetes,"To be clear, The best medication I have ever taken. It gets the job done, but I feel horrible on injection day. Blood sugar is down, though the nausea restricts my life. I've experienced significant weight loss.",10,27-May-22,128,clear best medication ever taken gets job done feel horrible injection day blood sugar though nausea restricts life experienced significant weight loss,22
Ozempic (Synthetic),Type 2 Diabetes,"Honestly, My A1C points dropped tremendously. The best medication I have ever taken.",8,06-Jul-24,79,honestly a1c points dropped tremendously best medication ever taken,9
Ozempic (Synthetic),Type 2 Diabetes,"Honestly, My A1C points dropped tremendously. My appetite is so much reduced.",10,02-Oct-24,23,honestly a1c points dropped tremendously appetite much reduced,8
Ozempic (Synthetic),Type 2 Diabetes,"Honestly, Horrible diarrhea nearly every day. The nausea is overwhelming. I've been dealing with frequent vomiting.",2,28-Dec-24,45,honestly horrible diarrhea nearly every day nausea overwhelming dealing frequent vomiting,11
Ozempic (Synthetic),Type 2 Diabetes,"Blood sugar is down, though the nausea restricts my life. I've been dealing with frequent vomiting.",1,19-Feb-23,16,blood sugar though nausea restricts life dealing frequent vomiting,9
Ozempic (Synthetic),Obesity,"I lose weight, but I'm always tired. It gets the job done, but I feel horrible on injection day. The medication is effective, but side effects are barely manageable. Dealing with symptoms of gastroparesis.",5,08-Apr-23,111,lose weight always tired gets job done feel horrible injection day medication effective side effects barely manageable dealing symptoms gastroparesis,20
Ozempic (Synthetic),Weight Management,"I lose weight, but I'm always tired. Horrible diarrhea nearly every day. It works really well, but it's incredibly expensive. I have major pancreatitis concerns now.",1,02-Aug-24,112,lose weight always tired horrible diarrhea nearly every day works really well incredibly expensive major pancreatitis concerns,17
Ozempic (Synthetic),Weight Management,"In my experience, I've been dealing with frequent vomiting. Severe constipation that won't go away.",2,21-Jul-24,82,experience dealing frequent vomiting severe constipation go away,8
Ozempic (Synthetic),Weight Management,I've experienced significant weight loss. This drug changed my life completely.,9,23-Jan-24,19,experienced significant weight loss drug changed life completely,8
Ozempic (Synthetic),Weight Management,"In my experience, I finally have much better blood sugar control. The medication is effective, but side effects are barely manageable. The best medication I have ever taken.",6,02-Jan-23,79,experience finally much better blood sugar control medication effective side effects barely manageable best medication ever taken,17
Ozempic (Synthetic),Obesity,"Honestly, This drug changed my life completely. The best medication I have ever taken. I finally have much better blood sugar control.",10,12-May-24,24,honestly drug changed life completely best medication ever taken finally much better blood sugar control,15
Ozempic (Synthetic),Weight Management,The nausea is overwhelming. I have major pancreatitis concerns now. Severe constipation that won't go away.,1,12-Feb-23,6,nausea overwhelming major pancreatitis concerns severe constipation go away,9
Ozempic (Synthetic),Obesity,"Honestly, The nausea is overwhelming. I have major pancreatitis concerns now.",1,05-Jul-22,138,honestly nausea overwhelming major pancreatitis concerns,6
Ozempic (Synthetic),Obesity,Horrible diarrhea nearly every day. I have constant fatigue. Severe constipation that won't go away.,2,19-Jun-23,146,horrible diarrhea nearly every day constant fatigue severe constipation go away,11
Ozempic (Synthetic),Obesity,"Honestly, There is terrible injection site pain. I'm noticing significant hair loss. I've been dealing with frequent vomiting.",1,20-Sep-22,30,honestly terrible injection site pain noticing significant hair loss dealing frequent vomiting,12
Ozempic (Synthetic),Type 2 Diabetes,Severe constipation that won't go away. There is terrible injection site pain.,1,31-Jul-24,145,severe constipation go away terrible injection site pain,8
Ozempic (Synthetic),Type 2 Diabetes,My appetite is so much reduced.,10,01-Mar-22,69,appetite much reduced,3
Ozempic (Synthetic),Weight Management,"In my experience, My appetite is so much reduced. The best medication I have ever taken. I'm noticing significant hair loss. The nausea is overwhelming.",4,03-Oct-23,86,experience appetite much reduced best medication ever taken noticing significant hair loss nausea overwhelming,14
Ozempic (Synthetic),Type 2 Diabetes,"To be clear, I've been dealing with frequent vomiting. I have constant fatigue. I lose weight, but I'm always tired.",3,06-Jan-22,37,clear dealing frequent vomiting constant fatigue lose weight always tired,10
Ozempic (Synthetic),Type 2 Diabetes,"Honestly, The medication is effective, but side effects are barely manageable. I have major pancreatitis concerns now. Severe constipation that won't go away.",2,30-Sep-23,7,honestly medication effective side effects barely manageable major pancreatitis concerns severe constipation go away,14
Ozempic (Synthetic),Weight Management,"I lose weight, but I'm always tired. I have constant fatigue. It gets the job done, but I feel horrible on injection day.",5,01-Nov-24,130,lose weight always tired constant fatigue gets job done feel horrible injection day,13
Ozempic (Synthetic),Weight Management,"To be clear, My appetite is so much reduced. It works really well, but it's incredibly expensive. The best medication I have ever taken. My A1C points dropped tremendously.",9,01-Oct-23,11,clear appetite much reduced works really well incredibly expensive best medication ever taken a1c points dropped tremendously,17
Ozempic (Synthetic),Obesity,"Blood sugar is down, though the nausea restricts my life. The best medication I have ever taken.",10,19-Aug-24,110,blood sugar though nausea restricts life best medication ever taken,10
Ozempic (Synthetic),Obesity,I finally have much better blood sugar control. The best medication I have ever taken. I actually have more energy now.,9,05-Nov-22,26,finally much better blood sugar control best medication ever taken actually energy,12
Ozempic (Synthetic),Weight Management,"To be clear, Horrible diarrhea nearly every day. It works really well, but it's incredibly expensive.",7,20-Nov-22,92,clear horrible diarrhea nearly every day works really well incredibly expensive,11
Ozempic (Synthetic),Weight Management,"In my experience, I actually have more energy now. I finally have much better blood sugar control.",10,16-May-24,97,experience actually energy finally much better blood sugar control,9
Ozempic (Synthetic),Weight Management,"Blood sugar is down, though the nausea restricts my life. My A1C points dropped tremendously. My appetite is so much reduced.",8,16-Mar-22,147,blood sugar though nausea restricts life a1c points dropped tremendously appetite much reduced,13
Ozempic (Synthetic),Obesity,"To be clear, Severe constipation that won't go away. I've been dealing with frequent vomiting.",1,26-Feb-22,70,clear severe constipation go away dealing frequent vomiting,8
Ozempic (Synthetic),Weight Management,"To be clear, I lose weight, but I'm always tired. I actually have more energy now.",9,21-Dec-24,130,clear lose weight always tired actually energy,7
Ozempic (Synthetic),Obesity,"Blood sugar is down, though the nausea restricts my life. My A1C points dropped tremendously.",10,13-Dec-22,69,blood sugar though nausea restricts life a1c points dropped tremendously,10
Ozempic (Synthetic),Obesity,The nausea is overwhelming. I've been dealing with frequent vomiting.,2,26-Aug-24,132,nausea overwhelming dealing frequent vomiting,5
Ozempic (Synthetic),Weight Management,"To be clear, I have constant fatigue. I've been dealing with frequent vomiting.",1,19-Jan-23,128,clear constant fatigue dealing frequent vomiting,6
Ozempic (Synthetic),Type 2 Diabetes,"I finally have much better blood sugar control. The best medication I have ever taken. It gets the job done, but I feel horrible on injection day.",10,31-Oct-23,38,finally much better blood sugar control best medication ever taken gets job done feel horrible injection day,17
Ozempic (Synthetic),Weight Management,Dealing with symptoms of gastroparesis. I have major pancreatitis concerns now. I've been dealing with frequent vomiting.,3,12-Jun-24,109,dealing symptoms gastroparesis major pancreatitis concerns dealing frequent vomiting,9
Ozempic (Synthetic),Type 2 Diabetes,"Honestly, This drug changed my life completely. The best medication I have ever taken. I actually have more energy now.",10,04-Jun-23,26,honestly drug changed life completely best medication ever taken actually energy,11
Ozempic (Synthetic),Type 2 Diabetes,"I finally have much better blood sugar control. My appetite is so much reduced. My A1C points dropped tremendously. Blood sugar is down, though the nausea restricts my life.",10,08-Aug-24,13,finally much better blood sugar control appetite much reduced a1c points dropped tremendously blood sugar though nausea restricts life,19
Ozempic (Synthetic),Type 2 Diabetes,"Honestly, The nausea is overwhelming. It gets the job done, but I feel horrible on injection day.",2,08-Aug-23,92,honestly nausea overwhelming gets job done feel horrible injection day,10
Ozempic (Synthetic),Obesity,I have major pancreatitis concerns now. Horrible diarrhea nearly every day.,1,12-May-22,100,major pancreatitis concerns horrible diarrhea nearly every day,8
Ozempic (Synthetic),Type 2 Diabetes,Severe constipation that won't go away. The nausea is overwhelming. There is terrible injection site pain.,1,26-Jul-22,131,severe constipation go away nausea overwhelming terrible injection site pain,10
Ozempic (Synthetic),Weight Management,"It works really well, but it's incredibly expensive. My A1C points dropped tremendously. Blood sugar is down, though the nausea restricts my life.",10,28-Jul-24,117,works really well incredibly expensive a1c points dropped tremendously blood sugar though nausea restricts life,15
Ozempic (Synthetic),Weight Management,This drug changed my life completely.,9,13-Feb-22,89,drug changed life completely,4
Ozempic (Synthetic),Type 2 Diabetes,"Honestly, The nausea is overwhelming. I'm noticing significant hair loss.",3,04-Oct-24,53,honestly nausea overwhelming noticing significant hair loss,7
Ozempic (Synthetic),Type 2 Diabetes,I actually have more energy now. I've experienced significant weight loss.,9,11-Jan-24,124,actually energy experienced significant weight loss,6
Ozempic (Synthetic),Weight Management,My appetite is so much reduced. I finally have much better blood sugar control.,8,08-Feb-23,92,appetite much reduced finally much better blood sugar control,9
Ozempic (Synthetic),Weight Management,"To be clear, I finally have much better blood sugar control. My appetite is so much reduced. I actually have more energy now.",9,01-Jul-23,99,clear finally much better blood sugar control appetite much reduced actually energy,12
Ozempic (Synthetic),Obesity,"Honestly, This drug changed my life completely. The medication is effective, but side effects are barely manageable. I finally have much better blood sugar control.",9,14-Aug-22,71,honestly drug changed life completely medication effective side effects barely manageable finally much better blood sugar control,17
Ozempic (Synthetic),Weight Management,"In my experience, There is terrible injection site pain. I lose weight, but I'm always tired. I'm noticing significant hair loss.",3,20-Mar-24,22,experience terrible injection site pain lose weight always tired noticing significant hair loss,13
Ozempic (Synthetic),Weight Management,"Honestly, It gets the job done, but I feel horrible on injection day. It works really well, but it's incredibly expensive. I've experienced significant weight loss. I'm noticing significant hair loss.",7,07-Jun-24,36,honestly gets job done feel horrible injection day works really well incredibly expensive experienced significant weight loss noticing significant hair loss,21
Ozempic (Synthetic),Obesity,"Severe constipation that won't go away. Blood sugar is down, though the nausea restricts my life.",3,21-May-24,80,severe constipation go away blood sugar though nausea restricts life,10
Ozempic (Synthetic),Type 2 Diabetes,"To be clear, The medication is effective, but side effects are barely manageable. Blood sugar is down, though the nausea restricts my life. It gets the job done, but I feel horrible on injection day.",5,02-Feb-24,115,clear medication effective side effects barely manageable blood sugar though nausea restricts life gets job done feel horrible injection day,20
Ozempic (Synthetic),Obesity,"In my experience, Blood sugar is down, though the nausea restricts my life. My A1C points dropped tremendously.",8,04-Mar-24,21,experience blood sugar though nausea restricts life a1c points dropped tremendously,11
Ozempic (Synthetic),Weight Management,"Honestly, I'm noticing significant hair loss. Severe constipation that won't go away. I have major pancreatitis concerns now.",2,02-Jun-22,114,honestly noticing significant hair loss severe constipation go away major pancreatitis concerns,12
Ozempic (Synthetic),Weight Management,This drug changed my life completely. The best medication I have ever taken. I finally have much better blood sugar control.,10,28-Sep-24,32,drug changed life completely best medication ever taken finally much better blood sugar control,14
Ozempic (Synthetic),Type 2 Diabetes,"To be clear, It gets the job done, but I feel horrible on injection day. I lose weight, but I'm always tired. The medication is effective, but side effects are barely manageable. Horrible diarrhea nearly every day.",7,12-Mar-23,66,clear gets job done feel horrible injection day lose weight always tired medication effective side effects barely manageable horrible diarrhea nearly every day,23
Ozempic (Synthetic),Weight Management,I have major pancreatitis concerns now. Severe constipation that won't go away.,2,05-Jun-22,98,major pancreatitis concerns severe constipation go away,7
Ozempic (Synthetic),Type 2 Diabetes,"I actually have more energy now. My appetite is so much reduced. I've experienced significant weight loss. I lose weight, but I'm always tired.",9,14-Dec-24,97,actually energy appetite much reduced experienced significant weight loss lose weight always tired,13
Ozempic (Synthetic),Obesity,Horrible diarrhea nearly every day. My appetite is so much reduced.,6,12-Jan-23,86,horrible diarrhea nearly every day appetite much reduced,8
Ozempic (Synthetic),Weight Management,"My A1C points dropped tremendously. This drug changed my life completely. Blood sugar is down, though the nausea restricts my life.",9,23-Dec-22,143,a1c points dropped tremendously drug changed life completely blood sugar though nausea restricts life,14
Ozempic (Synthetic),Weight Management,"I'm noticing significant hair loss. I lose weight, but I'm always tired.",3,03-Jul-24,140,noticing significant hair loss lose weight always tired,8
Ozempic (Synthetic),Obesity,I actually have more energy now. The best medication I have ever taken. My appetite is so much reduced.,9,20-Jan-24,65,actually energy best medication ever taken appetite much reduced,9
Ozempic (Synthetic),Weight Management,"Honestly, There is terrible injection site pain. The medication is effective, but side effects are barely manageable.",2,27-Oct-24,141,honestly terrible injection site pain medication effective side effects barely manageable,11
Ozempic (Synthetic),Obesity,"In my experience, I'm noticing significant hair loss. Severe constipation that won't go away. Blood sugar is down, though the nausea restricts my life. Horrible diarrhea nearly every day.",2,11-Mar-23,82,experience noticing significant hair loss severe constipation go away blood sugar though nausea restricts life horrible diarrhea nearly every day,20
Ozempic (Synthetic),Type 2 Diabetes,"I have constant fatigue. I have major pancreatitis concerns now. Blood sugar is down, though the nausea restricts my life.",1,23-May-23,120,constant fatigue major pancreatitis concerns blood sugar though nausea restricts life,11
Ozempic (Synthetic),Obesity,Dealing with symptoms of gastroparesis. Horrible diarrhea nearly every day. There is terrible injection site pain. I've been dealing with frequent vomiting.,3,13-Dec-22,93,dealing symptoms gastroparesis horrible diarrhea nearly every day terrible injection site pain dealing frequent vomiting,15
Ozempic (Synthetic),Type 2 Diabetes,"In my experience, Dealing with symptoms of gastroparesis. Horrible diarrhea nearly every day. Blood sugar is down, though the nausea restricts my life.",2,16-Sep-23,38,experience dealing symptoms gastroparesis horrible diarrhea nearly every day blood sugar though nausea restricts life,15
Ozempic (Synthetic),Weight Management,"Honestly, Horrible diarrhea nearly every day. Severe constipation that won't go away.",1,02-Apr-23,36,honestly horrible diarrhea nearly every day severe constipation go away,10
Ozempic (Synthetic),Type 2 Diabetes,"In my experience, Dealing with symptoms of gastroparesis. I'm noticing significant hair loss. There is terrible injection site pain.",1,09-Nov-23,51,experience dealing symptoms gastroparesis noticing significant hair loss terrible injection site pain,12
Ozempic (Synthetic),Obesity,"In my experience, I actually have more energy now. My A1C points dropped tremendously.",10,25-Dec-24,24,experience actually energy a1c points dropped tremendously,7
Ozempic (Synthetic),Obesity,"Honestly, Horrible diarrhea nearly every day. It gets the job done, but I feel horrible on injection day.",5,31-Dec-23,93,honestly horrible diarrhea nearly every day gets job done feel horrible injection day,13
Ozempic (Synthetic),Obesity,"In my experience, I've experienced significant weight loss. It gets the job done, but I feel horrible on injection day. The medication is effective, but side effects are barely manageable.",10,30-Jan-24,131,experience experienced significant weight loss gets job done feel horrible injection day medication effective side effects barely manageable,18
Ozempic (Synthetic),Weight Management,"It gets the job done, but I feel horrible on injection day. Dealing with symptoms of gastroparesis. I'm noticing significant hair loss. The medication is effective, but side effects are barely manageable.",5,20-Apr-23,4,gets job done feel horrible injection day dealing symptoms gastroparesis noticing significant hair loss medication effective side effects barely manageable,20
Ozempic (Synthetic),Obesity,"The best medication I have ever taken. I've been dealing with frequent vomiting. I lose weight, but I'm always tired. Blood sugar is down, though the nausea restricts my life.",7,23-Sep-23,142,best medication ever taken dealing frequent vomiting lose weight always tired blood sugar though nausea restricts life,17
Ozempic (Synthetic),Weight Management,"I have major pancreatitis concerns now. It gets the job done, but I feel horrible on injection day.",3,01-Sep-23,17,major pancreatitis concerns gets job done feel horrible injection day,10
Ozempic (Synthetic),Type 2 Diabetes,"My A1C points dropped tremendously. I actually have more energy now. Blood sugar is down, though the nausea restricts my life. I finally have much better blood sugar control.",10,03-Jan-23,65,a1c points dropped tremendously actually energy blood sugar though nausea restricts life finally much better blood sugar control,18
Ozempic (Synthetic),Type 2 Diabetes,"Honestly, I have constant fatigue. The nausea is overwhelming. Severe constipation that won't go away.",2,31-Oct-22,30,honestly constant fatigue nausea overwhelming severe constipation go away,9
Ozempic (Synthetic),Weight Management,"This drug changed my life completely. It works really well, but it's incredibly expensive. I lose weight, but I'm always tired. Severe constipation that won't go away.",5,07-Mar-23,108,drug changed life completely works really well incredibly expensive lose weight always tired severe constipation go away,17
Ozempic (Synthetic),Type 2 Diabetes,"It works really well, but it's incredibly expensive. I've experienced significant weight loss.",9,23-May-24,66,works really well incredibly expensive experienced significant weight loss,9
Ozempic (Synthetic),Weight Management,"To be clear, Severe constipation that won't go away. Horrible diarrhea nearly every day. Dealing with symptoms of gastroparesis. The nausea is overwhelming.",3,27-Apr-22,76,clear severe constipation go away horrible diarrhea nearly every day dealing symptoms gastroparesis nausea overwhelming,15
Ozempic (Synthetic),Type 2 Diabetes,Dealing with symptoms of gastroparesis. Horrible diarrhea nearly every day.,3,14-Jan-22,40,dealing symptoms gastroparesis horrible diarrhea nearly every day,8
Ozempic (Synthetic),Obesity,"To be clear, It gets the job done, but I feel horrible on injection day. My appetite is so much reduced.",10,30-Jan-24,118,clear gets job done feel horrible injection day appetite much reduced,11
Ozempic (Synthetic),Weight Management,"To be clear, I'm noticing significant hair loss. I've been dealing with frequent vomiting. Horrible diarrhea nearly every day. I have major pancreatitis concerns now.",2,13-Apr-24,105,clear noticing significant hair loss dealing frequent vomiting horrible diarrhea nearly every day major pancreatitis concerns,16
Ozempic (Synthetic),Weight Management,"The nausea is overwhelming. I lose weight, but I'm always tired. Horrible diarrhea nearly every day.",1,28-Jul-22,101,nausea overwhelming lose weight always tired horrible diarrhea nearly every day,11
Ozempic (Synthetic),Obesity,"To be clear, My A1C points dropped tremendously. The best medication I have ever taken.",10,11-Jan-22,111,clear a1c points dropped tremendously best medication ever taken,9
Ozempic (Synthetic),Weight Management,My A1C points dropped tremendously. My appetite is so much reduced. I've experienced significant weight loss.,9,27-Apr-24,115,a1c points dropped tremendously appetite much reduced experienced significant weight loss,11
Ozempic (Synthetic),Weight Management,"To be clear, I have major pancreatitis concerns now. I've been dealing with frequent vomiting. Horrible diarrhea nearly every day.",2,08-Jun-24,40,clear major pancreatitis concerns dealing frequent vomiting horrible diarrhea nearly every day,12
Ozempic (Synthetic),Obesity,"To be clear, My appetite is so much reduced. Horrible diarrhea nearly every day. This drug changed my life completely.",7,31-Aug-23,82,clear appetite much reduced horrible diarrhea nearly every day drug changed life completely,13
Ozempic (Synthetic),Weight Management,"To be clear, I've been dealing with frequent vomiting. I have major pancreatitis concerns now. Horrible diarrhea nearly every day.",2,09-Jan-24,128,clear dealing frequent vomiting major pancreatitis concerns horrible diarrhea nearly every day,12
Ozempic (Synthetic),Type 2 Diabetes,"In my experience, I finally have much better blood sugar control. My A1C points dropped tremendously. I actually have more energy now. My appetite is so much reduced.",10,06-May-22,69,experience finally much better blood sugar control a1c points dropped tremendously actually energy appetite much reduced,16
Ozempic (Synthetic),Type 2 Diabetes,"To be clear, I have major pancreatitis concerns now. Horrible diarrhea nearly every day. There is terrible injection site pain. I'm noticing significant hair loss.",3,27-Feb-22,94,clear major pancreatitis concerns horrible diarrhea nearly every day terrible injection site pain noticing significant hair loss,17
Ozempic (Synthetic),Type 2 Diabetes,"I finally have much better blood sugar control. It gets the job done, but I feel horrible on injection day.",9,27-Sep-22,123,finally much better blood sugar control gets job done feel horrible injection day,13
Ozempic (Synthetic),Weight Management,"Honestly, The best medication I have ever taken. I actually have more energy now. I finally have much better blood sugar control. It works really well, but it's incredibly expensive.",9,12-Jun-22,49,honestly best medication ever taken actually energy finally much better blood sugar control works really well incredibly expensive,18
Ozempic (Synthetic),Obesity,"In my experience, I'm noticing significant hair loss. Dealing with symptoms of gastroparesis. I have major pancreatitis concerns now.",3,20-Jun-24,118,experience noticing significant hair loss dealing symptoms gastroparesis major pancreatitis concerns,11
Ozempic (Synthetic),Type 2 Diabetes,"It works really well, but it's incredibly expensive. My appetite is so much reduced.",5,07-Jul-23,119,works really well incredibly expensive appetite much reduced,8
Ozempic (Synthetic),Type 2 Diabetes,"Honestly, I have major pancreatitis concerns now. It gets the job done, but I feel horrible on injection day. I have constant fatigue.",1,02-May-22,69,honestly major pancreatitis concerns gets job done feel horrible injection day constant fatigue,13
Ozempic (Synthetic),Weight Management,"Dealing with symptoms of gastroparesis. It works really well, but it's incredibly expensive.",1,27-Oct-23,27,dealing symptoms gastroparesis works really well incredibly expensive,8
Ozempic (Synthetic),Weight Management,"To be clear, I finally have much better blood sugar control. My A1C points dropped tremendously. I've experienced significant weight loss.",9,21-Feb-22,3,clear finally much better blood sugar control a1c points dropped tremendously experienced significant weight loss,15
Ozempic (Synthetic),Obesity,"Honestly, Horrible diarrhea nearly every day. I have major pancreatitis concerns now. The nausea is overwhelming.",3,27-Feb-23,62,honestly horrible diarrhea nearly every day major pancreatitis concerns nausea overwhelming,11
Ozempic (Synthetic),Obesity,"Honestly, Blood sugar is down, though the nausea restricts my life. My A1C points dropped tremendously. My appetite is so much reduced.",10,31-Dec-23,17,honestly blood sugar though nausea restricts life a1c points dropped tremendously appetite much reduced,14
Ozempic (Synthetic),Weight Management,"To be clear, I lose weight, but I'm always tired. There is terrible injection site pain. I have major pancreatitis concerns now.",1,30-Sep-22,71,clear lose weight always tired terrible injection site pain major pancreatitis concerns,12
Ozempic (Synthetic),Obesity,The best medication I have ever taken. My appetite is so much reduced. I finally have much better blood sugar control.,9,04-Oct-22,99,best medication ever taken appetite much reduced finally much better blood sugar control,13
Ozempic (Synthetic),Type 2 Diabetes,"Honestly, I lose weight, but I'm always tired. I've experienced significant weight loss. My A1C points dropped tremendously.",8,09-Mar-22,45,honestly lose weight always tired experienced significant weight loss a1c points dropped tremendously,13
Ozempic (Synthetic),Obesity,"To be clear, I've been dealing with frequent vomiting. Severe constipation that won't go away. I have constant fatigue.",2,23-Jul-22,114,clear dealing frequent vomiting severe constipation go away constant fatigue,10
Ozempic (Synthetic),Obesity,"There is terrible injection site pain. It gets the job done, but I feel horrible on injection day.",7,22-Feb-23,150,terrible injection site pain gets job done feel horrible injection day,11
Ozempic (Synthetic),Obesity,"In my experience, I've been dealing with frequent vomiting. Blood sugar is down, though the nausea restricts my life. Horrible diarrhea nearly every day.",5,08-Jan-23,36,experience dealing frequent vomiting blood sugar though nausea restricts life horrible diarrhea nearly every day,15
Ozempic (Synthetic),Weight Management,"To be clear, I finally have much better blood sugar control. My appetite is so much reduced.",10,01-Feb-22,58,clear finally much better blood sugar control appetite much reduced,10
Ozempic (Synthetic),Weight Management,"Honestly, I have major pancreatitis concerns now. It gets the job done, but I feel horrible on injection day. Dealing with symptoms of gastroparesis. The nausea is overwhelming.",5,20-Apr-22,105,honestly major pancreatitis concerns gets job done feel horrible injection day dealing symptoms gastroparesis nausea overwhelming,16
Ozempic (Synthetic),Obesity,"I have major pancreatitis concerns now. The medication is effective, but side effects are barely manageable.",1,14-Jan-22,117,major pancreatitis concerns medication effective side effects barely manageable,9
Ozempic (Synthetic),Type 2 Diabetes,"To be clear, The best medication I have ever taken. This drug changed my life completely.",8,25-Feb-23,72,clear best medication ever taken drug changed life completely,9
Ozempic (Synthetic),Weight Management,I've been dealing with frequent vomiting. I have major pancreatitis concerns now.,1,18-Feb-24,85,dealing frequent vomiting major pancreatitis concerns,6
Ozempic (Synthetic),Type 2 Diabetes,"My A1C points dropped tremendously. I lose weight, but I'm always tired.",6,25-Sep-22,28,a1c points dropped tremendously lose weight always tired,8
Ozempic (Synthetic),Weight Management,There is terrible injection site pain. The nausea is overwhelming.,1,30-Oct-22,54,terrible injection site pain nausea overwhelming,6
Ozempic (Synthetic),Obesity,This drug changed my life completely. The best medication I have ever taken. I actually have more energy now.,8,16-Oct-22,24,drug changed life completely best medication ever taken actually energy,10
Ozempic (Synthetic),Obesity,My A1C points dropped tremendously. The best medication I have ever taken. I actually have more energy now.,8,10-Oct-24,16,a1c points dropped tremendously best medication ever taken actually energy,10
Ozempic (Synthetic),Weight Management,"My A1C points dropped tremendously. Blood sugar is down, though the nausea restricts my life. I've experienced significant weight loss.",8,20-May-24,97,a1c points dropped tremendously blood sugar though nausea restricts life experienced significant weight loss,14
Ozempic (Synthetic),Type 2 Diabetes,"I've experienced significant weight loss. Blood sugar is down, though the nausea restricts my life. My A1C points dropped tremendously. This drug changed my life completely.",8,20-Mar-24,112,experienced significant weight loss blood sugar though nausea restricts life a1c points dropped tremendously drug changed life completely,18
Ozempic (Synthetic),Weight Management,"In my experience, There is terrible injection site pain. I have constant fatigue.",3,04-Oct-24,40,experience terrible injection site pain constant fatigue,7
Ozempic (Synthetic),Type 2 Diabetes,I actually have more energy now. This drug changed my life completely. I've experienced significant weight loss. I finally have much better blood sugar control.,10,21-Jul-23,65,actually energy drug changed life completely experienced significant weight loss finally much better blood sugar control,16
Ozempic (Synthetic),Obesity,"To be clear, I have constant fatigue. The nausea is overwhelming.",2,18-Oct-23,24,clear constant fatigue nausea overwhelming,5
Ozempic (Synthetic),Type 2 Diabetes,"To be clear, The medication is effective, but side effects are barely manageable. The best medication I have ever taken. My A1C points dropped tremendously.",9,08-Dec-22,133,clear medication effective side effects barely manageable best medication ever taken a1c points dropped tremendously,15
Ozempic (Synthetic),Weight Management,I've experienced significant weight loss. The best medication I have ever taken.,8,04-Dec-22,50,experienced significant weight loss best medication ever taken,8
Ozempic (Synthetic),Type 2 Diabetes,The nausea is overwhelming. There is terrible injection site pain. Dealing with symptoms of gastroparesis.,3,05-Jul-22,21,nausea overwhelming terrible injection site pain dealing symptoms gastroparesis,9
Ozempic (Synthetic),Type 2 Diabetes,"In my experience, The best medication I have ever taken. I've experienced significant weight loss. My A1C points dropped tremendously.",10,25-Feb-23,55,experience best medication ever taken experienced significant weight loss a1c points dropped tremendously,13
Ozempic (Synthetic),Weight Management,"The medication is effective, but side effects are barely manageable. My A1C points dropped tremendously.",8,16-Sep-23,141,medication effective side effects barely manageable a1c points dropped tremendously,10
Ozempic (Synthetic),Weight Management,"To be clear, I finally have much better blood sugar control. This drug changed my life completely.",10,21-Dec-24,45,clear finally much better blood sugar control drug changed life completely,11
Ozempic (Synthetic),Obesity,"My A1C points dropped tremendously. Blood sugar is down, though the nausea restricts my life.",9,23-May-24,78,a1c points dropped tremendously blood sugar though nausea restricts life,10
Ozempic (Synthetic),Weight Management,I have constant fatigue. I'm noticing significant hair loss.,2,30-Jul-22,3,constant fatigue noticing significant hair loss,6
Ozempic (Synthetic),Obesity,"The best medication I have ever taken. I lose weight, but I'm always tired. This drug changed my life completely. I finally have much better blood sugar control.",10,11-Nov-23,76,best medication ever taken lose weight always tired drug changed life completely finally much better blood sugar control,18
Ozempic (Synthetic),Obesity,"To be clear, Severe constipation that won't go away. Horrible diarrhea nearly every day.",1,19-Jan-24,125,clear severe constipation go away horrible diarrhea nearly every day,10
Ozempic (Synthetic),Weight Management,"It works really well, but it's incredibly expensive. Dealing with symptoms of gastroparesis. I have major pancreatitis concerns now. Horrible diarrhea nearly every day.",2,14-Sep-22,17,works really well incredibly expensive dealing symptoms gastroparesis major pancreatitis concerns horrible diarrhea nearly every day,16
Ozempic (Synthetic),Weight Management,"To be clear, Blood sugar is down, though the nausea restricts my life. It works really well, but it's incredibly expensive. The nausea is overwhelming.",6,03-Jul-24,142,clear blood sugar though nausea restricts life works really well incredibly expensive nausea overwhelming,14
Ozempic (Synthetic),Type 2 Diabetes,There is terrible injection site pain. Horrible diarrhea nearly every day. I have constant fatigue. I have major pancreatitis concerns now.,2,12-Jul-24,54,terrible injection site pain horrible diarrhea nearly every day constant fatigue major pancreatitis concerns,14
Ozempic (Synthetic),Type 2 Diabetes,I've been dealing with frequent vomiting. I have major pancreatitis concerns now. Severe constipation that won't go away.,2,16-Feb-22,78,dealing frequent vomiting major pancreatitis concerns severe constipation go away,10
Ozempic (Synthetic),Type 2 Diabetes,I've been dealing with frequent vomiting. The nausea is overwhelming.,4,14-Feb-24,38,dealing frequent vomiting nausea overwhelming,5
Ozempic (Synthetic),Obesity,"Blood sugar is down, though the nausea restricts my life. The best medication I have ever taken. I've experienced significant weight loss.",9,22-Sep-23,74,blood sugar though nausea restricts life best medication ever taken experienced significant weight loss,14
Ozempic (Synthetic),Weight Management,"Honestly, I actually have more energy now. This drug changed my life completely. I've experienced significant weight loss.",9,08-Aug-23,76,honestly actually energy drug changed life completely experienced significant weight loss,11
Ozempic (Synthetic),Obesity,"To be clear, The medication is effective, but side effects are barely manageable. My appetite is so much reduced. I've experienced significant weight loss. This drug changed my life completely.",10,11-Nov-23,74,clear medication effective side effects barely manageable appetite much reduced experienced significant weight loss drug changed life completely,18
Ozempic (Synthetic),Obesity,"I actually have more energy now. It gets the job done, but I feel horrible on injection day.",10,16-Jul-22,22,actually energy gets job done feel horrible injection day,9
Ozempic (Synthetic),Type 2 Diabetes,"To be clear, Blood sugar is down, though the nausea restricts my life. It gets the job done, but I feel horrible on injection day. It works really well, but it's incredibly expensive.",6,18-Nov-24,142,clear blood sugar though nausea restricts life gets job done feel horrible injection day works really well incredibly expensive,19
Ozempic (Synthetic),Obesity,"The medication is effective, but side effects are barely manageable.",9,26-Dec-24,109,medication effective side effects barely manageable,6
Ozempic (Synthetic),Weight Management,"Blood sugar is down, though the nausea restricts my life. The medication is effective, but side effects are barely manageable. I've been dealing with frequent vomiting. I'm noticing significant hair loss.",1,20-Sep-22,84,blood sugar though nausea restricts life medication effective side effects barely manageable dealing frequent vomiting noticing significant hair loss,19
Ozempic (Synthetic),Type 2 Diabetes,"In my experience, Horrible diarrhea nearly every day. Dealing with symptoms of gastroparesis.",2,09-Aug-24,1,experience horrible diarrhea nearly every day dealing symptoms gastroparesis,9
Ozempic (Synthetic),Type 2 Diabetes,"Honestly, My appetite is so much reduced. The best medication I have ever taken. I actually have more energy now. My A1C points dropped tremendously.",10,15-Oct-22,68,honestly appetite much reduced best medication ever taken actually energy a1c points dropped tremendously,14
Ozempic (Synthetic),Weight Management,I have constant fatigue. Horrible diarrhea nearly every day. Severe constipation that won't go away.,1,29-Jul-24,8,constant fatigue horrible diarrhea nearly every day severe constipation go away,11
Ozempic (Synthetic),Weight Management,"In my experience, I've experienced significant weight loss. The best medication I have ever taken.",10,03-Oct-23,80,experience experienced significant weight loss best medication ever taken,9
Ozempic (Synthetic),Type 2 Diabetes,"In my experience, The medication is effective, but side effects are barely manageable. My A1C points dropped tremendously.",10,03-Jan-22,143,experience medication effective side effects barely manageable a1c points dropped tremendously,11
Ozempic (Synthetic),Obesity,"In my experience, I'm noticing significant hair loss. I've been dealing with frequent vomiting.",1,01-May-23,85,experience noticing significant hair loss dealing frequent vomiting,8
Ozempic (Synthetic),Type 2 Diabetes,"In my experience, I finally have much better blood sugar control. My A1C points dropped tremendously.",9,25-Dec-24,19,experience finally much better blood sugar control a1c points dropped tremendously,11
Ozempic (Synthetic),Weight Management,"To be clear, The best medication I have ever taken. My A1C points dropped tremendously. My appetite is so much reduced.",9,22-Nov-23,76,clear best medication ever taken a1c points dropped tremendously appetite much reduced,12
Ozempic (Synthetic),Obesity,"In my experience, It gets the job done, but I feel horrible on injection day. The medication is effective, but side effects are barely manageable. I have major pancreatitis concerns now.",1,05-Jan-23,113,experience gets job done feel horrible injection day medication effective side effects barely manageable major pancreatitis concerns,17
Ozempic (Synthetic),Type 2 Diabetes,"It gets the job done, but I feel horrible on injection day. It works really well, but it's incredibly expensive. I finally have much better blood sugar control. The best medication I have ever taken.",7,26-Apr-24,104,gets job done feel horrible injection day works really well incredibly expensive finally much better blood sugar control best medication ever taken,22
Ozempic (Synthetic),Type 2 Diabetes,I have major pancreatitis concerns now. Horrible diarrhea nearly every day. I have constant fatigue.,1,30-Jul-24,85,major pancreatitis concerns horrible diarrhea nearly every day constant fatigue,10
Ozempic (Synthetic),Type 2 Diabetes,My appetite is so much reduced. The best medication I have ever taken. I actually have more energy now.,8,24-Mar-23,60,appetite much reduced best medication ever taken actually energy,9
Ozempic (Synthetic),Obesity,Dealing with symptoms of gastroparesis. I have constant fatigue. Horrible diarrhea nearly every day.,2,02-Feb-22,86,dealing symptoms gastroparesis constant fatigue horrible diarrhea nearly every day,10
Ozempic (Synthetic),Type 2 Diabetes,I actually have more energy now. The best medication I have ever taken. This drug changed my life completely.,10,12-Jul-22,65,actually energy best medication ever taken drug changed life completely,10
Ozempic (Synthetic),Weight Management,"Horrible diarrhea nearly every day. I've been dealing with frequent vomiting. I have major pancreatitis concerns now. The medication is effective, but side effects are barely manageable.",3,04-Aug-23,133,horrible diarrhea nearly every day dealing frequent vomiting major pancreatitis concerns medication effective side effects barely manageable,17
Ozempic (Synthetic),Type 2 Diabetes,"In my experience, I've experienced significant weight loss. I actually have more energy now. My A1C points dropped tremendously.",9,25-Aug-24,103,experience experienced significant weight loss actually energy a1c points dropped tremendously,11
Ozempic (Synthetic),Obesity,I finally have much better blood sugar control. My A1C points dropped tremendously.,10,19-Aug-24,143,finally much better blood sugar control a1c points dropped tremendously,10
Ozempic (Synthetic),Weight Management,"Dealing with symptoms of gastroparesis. It works really well, but it's incredibly expensive. The nausea is overwhelming. I have constant fatigue.",3,11-Aug-24,143,dealing symptoms gastroparesis works really well incredibly expensive nausea overwhelming constant fatigue,12
Ozempic (Synthetic),Weight Management,"Honestly, My appetite is so much reduced. I actually have more energy now.",9,10-Apr-24,129,honestly appetite much reduced actually energy,6
Ozempic (Synthetic),Type 2 Diabetes,"Honestly, I've experienced significant weight loss. I lose weight, but I'm always tired. It works really well, but it's incredibly expensive.",8,06-Jun-23,139,honestly experienced significant weight loss lose weight always tired works really well incredibly expensive,14
Ozempic (Synthetic),Type 2 Diabetes,Dealing with symptoms of gastroparesis. Severe constipation that won't go away.,2,20-Jan-24,97,dealing symptoms gastroparesis severe constipation go away,7
Ozempic (Synthetic),Type 2 Diabetes,"The medication is effective, but side effects are barely manageable. It gets the job done, but I feel horrible on injection day. My appetite is so much reduced. I finally have much better blood sugar control.",8,11-Mar-23,137,medication effective side effects barely manageable gets job done feel horrible injection day appetite much reduced finally much better blood sugar control,22
Ozempic (Synthetic),Weight Management,This drug changed my life completely. I've experienced significant weight loss.,8,03-Sep-23,142,drug changed life completely experienced significant weight loss,8
Ozempic (Synthetic),Type 2 Diabetes,"Honestly, Dealing with symptoms of gastroparesis. I have constant fatigue.",3,20-Jan-22,128,honestly dealing symptoms gastroparesis constant fatigue,6
Ozempic (Synthetic),Obesity,"In my experience, Dealing with symptoms of gastroparesis. I've been dealing with frequent vomiting.",2,03-Mar-23,114,experience dealing symptoms gastroparesis dealing frequent vomiting,7
Ozempic (Synthetic),Type 2 Diabetes,"Honestly, It gets the job done, but I feel horrible on injection day. There is terrible injection site pain. I'm noticing significant hair loss. It works really well, but it's incredibly expensive.",1,13-Jun-24,0,honestly gets job done feel horrible injection day terrible injection site pain noticing significant hair loss works really well incredibly expensive,21
Ozempic (Synthetic),Obesity,"I've been dealing with frequent vomiting. The nausea is overwhelming. I lose weight, but I'm always tired.",1,03-Jul-23,98,dealing frequent vomiting nausea overwhelming lose weight always tired,9
Ozempic (Synthetic),Obesity,"I've experienced significant weight loss. Blood sugar is down, though the nausea restricts my life.",8,01-Dec-22,113,experienced significant weight loss blood sugar though nausea restricts life,10
Ozempic (Synthetic),Type 2 Diabetes,"My appetite is so much reduced. It gets the job done, but I feel horrible on injection day. I finally have much better blood sugar control. I actually have more energy now.",8,13-Jan-23,48,appetite much reduced gets job done feel horrible injection day finally much better blood sugar control actually energy,18
Ozempic (Synthetic),Obesity,The nausea is overwhelming. Dealing with symptoms of gastroparesis.,2,27-Apr-23,65,nausea overwhelming dealing symptoms gastroparesis,5
Ozempic (Synthetic),Weight Management,"Honestly, It gets the job done, but I feel horrible on injection day. I've been dealing with frequent vomiting. Severe constipation that won't go away.",2,17-Jan-23,87,honestly gets job done feel horrible injection day dealing frequent vomiting severe constipation go away,15
Ozempic (Synthetic),Weight Management,I actually have more energy now. My A1C points dropped tremendously. I finally have much better blood sugar control.,8,04-May-24,91,actually energy a1c points dropped tremendously finally much better blood sugar control,12
Ozempic (Synthetic),Weight Management,"Dealing with symptoms of gastroparesis. I lose weight, but I'm always tired. I have constant fatigue.",6,21-Apr-24,37,dealing symptoms gastroparesis lose weight always tired constant fatigue,9
Ozempic (Synthetic),Weight Management,"I lose weight, but I'm always tired. The best medication I have ever taken. My appetite is so much reduced.",8,22-Dec-22,91,lose weight always tired best medication ever taken appetite much reduced,11
Ozempic (Synthetic),Weight Management,"In my experience, My appetite is so much reduced. My A1C points dropped tremendously. It works really well, but it's incredibly expensive.",8,15-Jun-24,104,experience appetite much reduced a1c points dropped tremendously works really well incredibly expensive,13
Ozempic (Synthetic),Type 2 Diabetes,I've experienced significant weight loss. I actually have more energy now.,10,02-Nov-23,52,experienced significant weight loss actually energy,6
Ozempic (Synthetic),Obesity,"To be clear, I've been dealing with frequent vomiting. Dealing with symptoms of gastroparesis. Severe constipation that won't go away.",3,30-May-23,83,clear dealing frequent vomiting dealing symptoms gastroparesis severe constipation go away,11
Ozempic (Synthetic),Obesity,"Honestly, I'm noticing significant hair loss. It gets the job done, but I feel horrible on injection day.",3,10-Dec-23,122,honestly noticing significant hair loss gets job done feel horrible injection day,12
Ozempic (Synthetic),Weight Management,"To be clear, It gets the job done, but I feel horrible on injection day. I lose weight, but I'm always tired.",4,04-Oct-22,81,clear gets job done feel horrible injection day lose weight always tired,12
Ozempic (Synthetic),Obesity,"In my experience, I've experienced significant weight loss. My appetite is so much reduced. I lose weight, but I'm always tired. My A1C points dropped tremendously.",9,06-Jun-24,123,experience experienced significant weight loss appetite much reduced lose weight always tired a1c points dropped tremendously,16
Ozempic (Synthetic),Type 2 Diabetes,"In my experience, My appetite is so much reduced. I finally have much better blood sugar control. The medication is effective, but side effects are barely manageable. The best medication I have ever taken.",9,03-Feb-24,123,experience appetite much reduced finally much better blood sugar control medication effective side effects barely manageable best medication ever taken,20
Ozempic (Synthetic),Type 2 Diabetes,"In my experience, I have constant fatigue. I've been dealing with frequent vomiting. There is terrible injection site pain. Blood sugar is down, though the nausea restricts my life.",2,27-Jun-24,61,experience constant fatigue dealing frequent vomiting terrible injection site pain blood sugar though nausea restricts life,16
Ozempic (Synthetic),Type 2 Diabetes,"To be clear, I have constant fatigue. There is terrible injection site pain. I have major pancreatitis concerns now.",3,29-Jul-23,111,clear constant fatigue terrible injection site pain major pancreatitis concerns,10
Ozempic (Synthetic),Type 2 Diabetes,There is terrible injection site pain. Severe constipation that won't go away.,1,23-Feb-22,73,terrible injection site pain severe constipation go away,8
Ozempic (Synthetic),Weight Management,"I'm noticing significant hair loss. It gets the job done, but I feel horrible on injection day.",1,29-Jun-24,45,noticing significant hair loss gets job done feel horrible injection day,11
Ozempic (Synthetic),Weight Management,"To be clear, My A1C points dropped tremendously. My appetite is so much reduced.",10,07-Dec-22,17,clear a1c points dropped tremendously appetite much reduced,8
Ozempic (Synthetic),Type 2 Diabetes,"In my experience, My appetite is so much reduced. Blood sugar is down, though the nausea restricts my life.",9,22-Jul-23,69,experience appetite much reduced blood sugar though nausea restricts life,10
Ozempic (Synthetic),Weight Management,My A1C points dropped tremendously. I've experienced significant weight loss. I've been dealing with frequent vomiting.,6,09-Oct-23,139,a1c points dropped tremendously experienced significant weight loss dealing frequent vomiting,11
Ozempic (Synthetic),Weight Management,"I lose weight, but I'm always tired. It works really well, but it's incredibly expensive.",7,07-Jun-24,116,lose weight always tired works really well incredibly expensive,9
Ozempic (Synthetic),Weight Management,I've experienced significant weight loss. My appetite is so much reduced. I actually have more energy now.,9,04-Aug-22,119,experienced significant weight loss appetite much reduced actually energy,9
Ozempic (Synthetic),Obesity,"Honestly, The best medication I have ever taken. I've experienced significant weight loss.",10,22-Jul-22,97,honestly best medication ever taken experienced significant weight loss,9
Ozempic (Synthetic),Type 2 Diabetes,"To be clear, I've been dealing with frequent vomiting. The nausea is overwhelming. I lose weight, but I'm always tired. There is terrible injection site pain.",2,13-Sep-23,36,clear dealing frequent vomiting nausea overwhelming lose weight always tired terrible injection site pain,14
Ozempic (Synthetic),Obesity,"Honestly, I'm noticing significant hair loss. The medication is effective, but side effects are barely manageable. I have constant fatigue.",2,06-Mar-23,43,honestly noticing significant hair loss medication effective side effects barely manageable constant fatigue,13
Ozempic (Synthetic),Type 2 Diabetes,"In my experience, I actually have more energy now. It gets the job done, but I feel horrible on injection day. The best medication I have ever taken.",10,26-May-22,68,experience actually energy gets job done feel horrible injection day best medication ever taken,14
Ozempic (Synthetic),Weight Management,"Honestly, I finally have much better blood sugar control. The best medication I have ever taken. My A1C points dropped tremendously.",8,18-Dec-23,48,honestly finally much better blood sugar control best medication ever taken a1c points dropped tremendously,15
Ozempic (Synthetic),Weight Management,"To be clear, My appetite is so much reduced. I've experienced significant weight loss.",9,16-May-22,23,clear appetite much reduced experienced significant weight loss,8
Ozempic (Synthetic),Obesity,"I actually have more energy now. Blood sugar is down, though the nausea restricts my life.",7,29-Dec-24,116,actually energy blood sugar though nausea restricts life,8
Ozempic (Synthetic),Obesity,I have constant fatigue. Dealing with symptoms of gastroparesis.,1,08-Dec-24,111,constant fatigue dealing symptoms gastroparesis,5
Ozempic (Synthetic),Weight Management,I actually have more energy now. My appetite is so much reduced.,10,13-Jul-24,94,actually energy appetite much reduced,5
Ozempic (Synthetic),Type 2 Diabetes,"My A1C points dropped tremendously. It gets the job done, but I feel horrible on injection day. I've experienced significant weight loss.",9,16-May-22,76,a1c points dropped tremendously gets job done feel horrible injection day experienced significant weight loss,15
Ozempic (Synthetic),Obesity,"The best medication I have ever taken. Blood sugar is down, though the nausea restricts my life. This drug changed my life completely.",4,08-Nov-24,47,best medication ever taken blood sugar though nausea restricts life drug changed life completely,14
Ozempic (Synthetic),Obesity,My A1C points dropped tremendously. I've experienced significant weight loss. My appetite is so much reduced.,9,20-May-24,122,a1c points dropped tremendously experienced significant weight loss appetite much reduced,11
Ozempic (Synthetic),Obesity,"Honestly, I've been dealing with frequent vomiting. I have major pancreatitis concerns now. The nausea is overwhelming.",1,02-Jan-22,133,honestly dealing frequent vomiting major pancreatitis concerns nausea overwhelming,9
Ozempic (Synthetic),Weight Management,"Honestly, My appetite is so much reduced. My A1C points dropped tremendously. I actually have more energy now.",10,16-Jun-22,46,honestly appetite much reduced a1c points dropped tremendously actually energy,10
Ozempic (Synthetic),Obesity,I actually have more energy now. I finally have much better blood sugar control.,9,02-Jul-22,146,actually energy finally much better blood sugar control,8
Ozempic (Synthetic),Weight Management,"To be clear, Horrible diarrhea nearly every day. I have major pancreatitis concerns now.",2,07-Dec-23,119,clear horrible diarrhea nearly every day major pancreatitis concerns,9
Ozempic (Synthetic),Type 2 Diabetes,"Honestly, The medication is effective, but side effects are barely manageable. I have major pancreatitis concerns now.",3,06-Jul-23,124,honestly medication effective side effects barely manageable major pancreatitis concerns,10
Ozempic (Synthetic),Weight Management,"Dealing with symptoms of gastroparesis. I have major pancreatitis concerns now. Blood sugar is down, though the nausea restricts my life.",3,16-Mar-23,120,dealing symptoms gastroparesis major pancreatitis concerns blood sugar though nausea restricts life,12
Ozempic (Synthetic),Weight Management,"Honestly, It gets the job done, but I feel horrible on injection day. My A1C points dropped tremendously. The medication is effective, but side effects are barely manageable.",4,22-Nov-22,106,honestly gets job done feel horrible injection day a1c points dropped tremendously medication effective side effects barely manageable,18
Ozempic (Synthetic),Weight Management,"To be clear, The medication is effective, but side effects are barely manageable. Severe constipation that won't go away. I finally have much better blood sugar control. My A1C points dropped tremendously.",5,30-Mar-23,133,clear medication effective side effects barely manageable severe constipation go away finally much better blood sugar control a1c points dropped tremendously,21
Ozempic (Synthetic),Type 2 Diabetes,Horrible diarrhea nearly every day. Severe constipation that won't go away.,2,08-Mar-22,7,horrible diarrhea nearly every day severe constipation go away,9
Ozempic (Synthetic),Type 2 Diabetes,This drug changed my life completely. The best medication I have ever taken. My A1C points dropped tremendously.,9,24-Oct-23,117,drug changed life completely best medication ever taken a1c points dropped tremendously,12
Ozempic (Synthetic),Obesity,"The medication is effective, but side effects are barely manageable. I actually have more energy now.",8,01-Sep-23,62,medication effective side effects barely manageable actually energy,8
Ozempic (Synthetic),Weight Management,I finally have much better blood sugar control. My appetite is so much reduced. My A1C points dropped tremendously. I actually have more energy now.,9,30-Oct-24,58,finally much better blood sugar control appetite much reduced a1c points dropped tremendously actually energy,15
Ozempic (Synthetic),Weight Management,"Honestly, My appetite is so much reduced. I actually have more energy now. I finally have much better blood sugar control.",9,02-Jul-24,69,honestly appetite much reduced actually energy finally much better blood sugar control,12
Ozempic (Synthetic),Type 2 Diabetes,"Honestly, The medication is effective, but side effects are barely manageable. The best medication I have ever taken.",8,15-Jun-24,67,honestly medication effective side effects barely manageable best medication ever taken,11
Ozempic (Synthetic),Type 2 Diabetes,"To be clear, I actually have more energy now. The medication is effective, but side effects are barely manageable. I finally have much better blood sugar control.",9,06-Apr-22,32,clear actually energy medication effective side effects barely manageable finally much better blood sugar control,15
